<PAMDataset><SRS>PROJCS["Popular Visualisation CRS / Mercator",GEOGCS["Popular Visualisation CRS",DATUM["Popular_Visualisation_Datum",SPHEROID["Popular Visualisation Sphere",6378137,0,AUTHORITY["EPSG","7059"]],TOWGS84[0,0,0,0,0,0,0],AUTHORITY["EPSG","6055"]],PRIMEM["Greenwich",0],UNIT["degree",0.0174532925199433],AUTHORITY["EPSG","4055"]],PROJECTION["Mercator_1SP"],PARAMETER["central_meridian",0],PARAMETER["scale_factor",1],PARAMETER["false_easting",0],PARAMETER["false_northing",0],UNIT["metre",1,AUTHORITY["EPSG","9001"]],EXTENSION["PROJ4","+proj=merc +a=6378137 +b=6378137 +lat_ts=0.0 +lon_0=0.0 +x_0=0.0 +y_0=0 +k=1.0 +units=m +nadgrids=@null +wktext  +no_defs"],AUTHORITY["EPSG","3785"]]</SRS><Metadata domain="IMAGE_STRUCTURE"><MDI key="INTERLEAVE">PIXEL</MDI></Metadata><Metadata><MDI key="AREA_OR_POINT">Area</MDI></Metadata></PAMDataset>